OPD,,,,,
S. No.,Cover,Cover Description,Minimum Sum Insured(In Rs)/Limits,Maximum Sum Insured (In Rs)/Limits,Additional Details
1,Diagnostics,,1000,50 Lacs,"Option 1: Services through Company’s empanelled Provider 
Option 2: up to 10 tests per Insured basis indicative list  
Option 3: Basis select combination of tests
Option 4: Costs up to INR 50L 
Option 5: Cost per diagnostic test- upto INR 10,000
Option 5: Unlimited Diagnostic tests and Investigations
Option 6: Discount on availing the benefit through our/empanelled service providers mobile app/website
Option 7: Any possible reasonable combination of above 

Co-payment of up to 50% only for non-network
Deductible of up to INR 20,000 per policy for non-network
Deductible of up to 10 visits per policy for non-network
Franchise of up to  10 visits per policy for non-network"
2,Pharmacy,,1000,50 Lacs,"Prescription Based, Over the counter based pharmacies or Both 
Option 1: Services through Company’s empanelled Provider
Option 2: Costs up to INR 1L 
Option 3: Discount on availing the benefit through our/empanelled service providers mobile app/website

Co-payment of up to 50% only for non-network
Deductible of up to INR 20,000 per policy for non-network
Deductible of up to 10 visits per policy for non-network
Franchise of up to  10 visits per policy for non-network"
3,OPD Minor Procedures,,1000,50 Lacs,"Cashless or Reimbursement or both
Option 1: Services through Company’s empanelled Provider
Option 2: Costs up to INR 1L 
Option 3: Cost per treatment - upto INR 10,000
Option 4: Discount on availing the benefit through our/empanelled service providers mobile app/website

Co-payment of up to 50% only for non-network
Deductible of up to INR 20,000 per policy for non-network

"
4,Vaccinations ,,1000,50 Lacs,"Option 1: Services through Company’s empanelled Provider 
Option 2: up to 10 vaccinations  per Insured basis indicative list  
Option 3: Basis select combination of Vaccines
Option 4: Costs up to INR 1L 
Option 5: Cost per vaccine - upto INR 10,000
Option 6: Discount on availing the benefit through our/empanelled service providers mobile app/website 
Option 7: Any possible reasonable combination of above"
5,Consultation,"Anyone or Combination of the following can be opted under the cover :
1)Consultation
",1000,50 Lacs,"Cover Range Options
1. Illness and Accidents
2. Accident only
3. Ilnness only

Cover Limit Options:
1. Up to opted Sum Insured
2. Up to opted sum insured with x% co-pay, where x can be 1-50%

Network Option
1. Within Network
2. Outside Network
3. Both

Service Option
1. Cashless Only
2. Cashless and Reimbursement

Consultation Mode:
1. Virtual
2. Physical

Consultation Type:
1. GP
2. Specialist
3. Super Specialist

Consultation Count:
1. 1 to 10 50 and 
2. unlimited

Sublimit for each consultation:
up to ₹10,000

Deductible of up to INR 20,000 per policy for non-network
Deductible of up to 10 visits per policy for non-network
Franchise of up to  10 visits per policy for non-networ"
6,"Out-Patient treatment for Physiotherapy, Occupational Therapy and Speech Therapy",Covers Medical Expenses towards prescribed therapy,1000,"Rs 100,000","Limit options available:
1. Up to the Sum Insured
2.Up to the Sum Insured  with x% co-pay
(Where x can be any number from 1-50)

Network Option
1. Within Network
2. Outside Network
3. Both

Service Option
1. Cashless Only
2. Cashless and Reimbursement

Count of Physiotherapy Session:
upto 30

Sublimit per Physiotherapy Session:
upto INR 10,000"
7,Dental Expenses,Covers Medical Expenses towards dental treatments,Rs 1000,10 Lacs,"Any one or combination of the following can be opted under the cover
1. Class1 (Investigative and preventive treatment)
2. Class2 (Basic Restorative, Periodontal Treatment)
3.Class 3(Major Restorative and Orthodontic treatment)

Limit options available:
1.Up to the Sum Insured
2.Up to the Sum Insured  with x% co-pay
(Where x can be any number from 1-50)

Network Option
1. Within Network
2. Outside Network
3. Both

Service Option
1. Cashless Only
2. Cashless and Reimbursement"
8,Vision Expense,"Any one or combination of the following can be opted under the cover
1.Eye examination by an optometrist - Consultation
2. Diagnostics Prescription Glasses 
3. Pharmacy
4. Treatment for Refractive Error Correction (within +/- 4 to +/-7.5)

",Rs 1000,Rs 2 Lacs,"Limit options available:
1. Up to the Sum Insured
2.Up to the Sum Insured  with x% co-pay
(Where x can be any number from 10-20)

Network Option
1. Within Network
2. Outside Network
3. Both

Service Option
1. Cashless Only
2. Cashless and Reimbursement"
9,Child Vaccination,Covers vaccination expenses as per WHO recommendations for routine immunisation of child until 10 15 years of age,1000,Rs 2 Lacs,"Network Option
1. Within Network
2. Outside Network

Service Option
1. Cashless Only
2. Cashless and Reimbursement"
10,Animal and Snake Bite,OPD for Animal and snake bite on reimbursement basis,1000,"Rs 100,000",N.A.
11,Home Health Care Services - OPD & Wellness Cover,services that can be availed at your home for treatment of all illness or injury from us/our empanelled Service Provider,1000,Rs 1 Lacs,"Option 1: Services through Company’s empanelled Provider 
Option 2: Basis select combination of Services
Option 3: Costs up to INR 1L 
Option 4: Services up to INR 10,000 per service.
Option 5: Fixed number of services ranging between 1 to 1000
Option 6: Discount on availing the benefit through our/empanelled service providers mobile app/website 
Option 7: Any Combination of Above"
12,Annual Health Check-up - OPD & Wellness Cover,,1000,Rs 1 Lacs,"Option 1: up to defined tests per Insured basis indicative list 
Option 2: Basis select combination of tests
Option 3: Costs up to INR 1L 
Option 4: Discount on availing the benefit through our/empanelled service providers mobile app/website 
Option 5: Any possible reasonable combination of above

It can be provided to
Option 1: Per Insured Adult
Option 2: Per Insured Adult+ One non Insured related Adult

Frequency of Health check up options
1. Every Year
2.Every year after 1st renewal
3.Once in 2 Years
4.Once in 3 years
5.Once in 4 years
Dependency on claims to be selected
1. Available only subsequent to claim free years
2.Available irrespective of claim in previous year For a floater policy the cover can be further limited by selecting anyone of options listed below:
1. To primary member in a floater policy
2.To each member"
13,Monitoring / Medical Devices," Monitoring / medical devices which are medically necessary and recommended 
by a registered medical practitioner ",1000,Rs 5 Lacs,"Option 1: Up to INR 5L
Option 2: Up to 10 Devices in a policy
Option 3: Percentage of Base Sum Insured 
Option 4: Discount on availing the benefit through our/empanelled service providers mobile app/website"
14,Condition Management Packages,"The Insured person may choose to opt for one or more condition management package/(s) for a medical 
condition, on the recommendation of a registered medical practitioner",1000,Rs 1 Lacs,"Condition wise packages
Diabetes, Kidney Health, Heart, Liver, Pregnancy/Maternity, Weight Loss, Woman Health, Asthama, Hyperlipedimia, Hypertension, Elderly Care, Pediatric Care"
15,Wellness Benefits,"Access to Fitness Centre / Digital Fitness Coaching / AI Fitness Coaching
Access to Nutritionist/Wellness Coaching/Mental Wellbeing",1000,Rs 1 Lacs,"Option 1. For a period of 1 month or multiple of 1 month, maximum up to  12 months in a policy year with no limits on the visit/consultation                                
Option 2. For a period of 1 month or multiple of 1 month, maximum up to 12 months in a policy year with 10 visit/consultation per week                                 
Option 3. For a period of 1 month or multiple of 1 month, maximum up to 12 months in a policy year with up to 10 visit/consultation per month
Option 4. Discount on availing the benefit through our/empanelled service providers mobile app/website 
Option 5. Any of the combination above"
16,Wallet,"Single amount which can be ued fir any of the OPD benefits. Instead of giving separate benefits, this one wallet can be used for everything",Available,Available,"Option 1: Up to INR 1L for any combination of the above benefits (including Co-payment, Deductible, Franchise for non-network). 
Till INR 10,000 in multiples of INR 500. 
Post INR 10,000 in multiples of INR 1000"
