1,OPD Minor Procedure,,,,,,,,,,,
,List of OPD Minor Procedures covered,,,,,,,,,,,
,a. Drainage of abscess ,,,,,,,,,,,
,b. Injection including Intramuscular (Per Injection cost) ,,,,,,,,,,,
,c. Intravenous injection ,,,,,,,,,,,
,d. Sprain Management (Joint movement/exercise) ,,,,,,,,,,,
,e. Otoscopic examination (Magnifying otoscopy) ,,,,,,,,,,,
,f. Nasal packing for control of haemorrhage ,,,,,,,,,,,
,g. Nebulizer therapy ,,,,,,,,,,,
,h. Removal of foreign body ,,,,,,,,,,,
,i. Suturing(Staple under LA) ,,,,,,,,,,,
,j. Removal of suture ,,,,,,,,,,,
,k. Stabilization of joint ,,,,,,,,,,,
,l. Syringing ear to remove wax ,,,,,,,,,,,
,m. Application or removal of plaster cast ,,,,,,,,,,,
,n. Laryngoscopy ,,,,,,,,,,,
,o. Minor wound management ,,,,,,,,,,,
,p. Any other procedure certified by Medical Practitioner as Minor procedures,,,,,,,,,,,
,Note: Selection of any one or more from the below list is available ,,,,,,,,,,,
,,,,,,,,,,,,
2,Dental Treatment,,,,,,,,,,,
,List of Dental Procedures covered,,,,,,,,,,,
,"a. Dental Examination
",,,,,,,,,,,
,"b. Scaling and Polishing
",,,,,,,,,,,
,"c. X ray
",,,,,,,,,,,
,"d. Fluoride treatment
",,,,,,,,,,,
,"e. Filling / Prophylaxis
",,,,,,,,,,,
,"f. Root Canal Treatment
",,,,,,,,,,,
,"g. Extractions
",,,,,,,,,,,
,"h. Oral Surgery
",,,,,,,,,,,
,"i. Re cementation
",,,,,,,,,,,
,"j. Medication
",,,,,,,,,,,
,"k. Restoration
",,,,,,,,,,,
,"l. Crowning
",,,,,,,,,,,
,"m. Implant
",,,,,,,,,,,
,"n. Braces
",,,,,,,,,,,
,"o. Any other procedures apart from the list mentioned above certified by
Medical Practitioner",,,,,,,,,,,
,"Note: Selection of any one or more from the below list is available
",,,,,,,,,,,
,,,,,,,,,,,,
3,Psychiatric Treatment ,,,,,,,,,,,
,List of Psychiatric Treatment Procedures covered,,,,,,,,,,,
,a. Severe Depression ,,,,,,,,,,,
,b. Schizophrenia ,,,,,,,,,,,
,c. Bipolar Disorder ,,,,,,,,,,,
,d. Post-Traumatic Stress Disorder ,,,,,,,,,,,
,e. Eating Disorder ,,,,,,,,,,,
,f. Generalized Anxiety Disorder ,,,,,,,,,,,
,g. Obsessive Compulsive Disorder ,,,,,,,,,,,
,h. Panic Disorder ,,,,,,,,,,,
,i. Personality Disorders ,,,,,,,,,,,
,j. Conversion Disorders ,,,,,,,,,,,
,k. Dissociative Disorders ,,,,,,,,,,,
,l. Any other conditions apart from the list mentioned above certified by Medical Practitioner,,,,,,,,,,,
,"Note: Selection of any one or more from the below list is available OPD expenses incurred on consultation, diagnostic and pharmacy for any listed Disorder/condition ",,,,,,,,,,,
,,,,,,,,,,,,
,,,,,,,,,,,,
4,List of major illnesses,,,,,,,,,,,
,1 Cancer Of Specified Severity,,,,,,,,,,,
,2 Myocardial Infarction (First Heart Attack – Of Specific Severity),,,,,,,,,,,
,3 Open Chest Cabg,,,,,,,,,,,
,4 Open Heart Replacement Or Repair Of Heart Valves,,,,,,,,,,,
,5 Kidney Failure Requiring Regular Dialysis,,,,,,,,,,,
,6 Stroke Resulting In Permanent Symptoms,,,,,,,,,,,
,7 Major Organ / Bone Marrow Transplant,,,,,,,,,,,
,8 Permanent Paralysis Of Limbs,,,,,,,,,,,
,9 Multiple Sclerosis With Persisting Symptoms,,,,,,,,,,,
,10 Coma Of Specified Severity,,,,,,,,,,,
,11 Motor Neuron Disease With Permanent Symptoms,,,,,,,,,,,
,12 Loss Of Vision (Blindness),,,,,,,,,,,
,13 Major Burns,,,,,,,,,,,
,14 Parkinson’S Disease,,,,,,,,,,,
,15 Benign Brain Tumor,,,,,,,,,,,
, 16 Alzheimer’S Disease,,,,,,,,,,,
,17 Aorta Graft Surgery,,,,,,,,,,,
,18 Loss Of Hearing (Deafness),,,,,,,,,,,
,19 Loss Of Limbs,,,,,,,,,,,
,20 Loss Of Speech,,,,,,,,,,,
,21 Aplastic Anaemia,,,,,,,,,,,
,22 End Stage Liver Failure,,,,,,,,,,,
,23 End Stage Lung Failure,,,,,,,,,,,
,24 Primary (Idiopathic) Pulmonary Hypertension,,,,,,,,,,,
,25 Bacterial Meningitis,,,,,,,,,,,
,26 Apallic Syndrome Or Persistent Vegetative State (Pvs),,,,,,,,,,,
,27 Angioplasty,,,,,,,,,,,
,28 Encephalitis,,,,,,,,,,,
,29 Fulminant Hepatitis,,,,,,,,,,,
,30 Chronic Relapsing Pancreatitis,,,,,,,,,,,
,31 Major Head Trauma,,,,,,,,,,,
,32 Medullary Cystic Disease,,,,,,,,,,,
,33 Muscular Dystrophy,,,,,,,,,,,
,34 Poliomyelitis,,,,,,,,,,,
,35 Systemic Lupus Erythematous,,,,,,,,,,,
,36 Brain Surgery,,,,,,,,,,,
,,,,,,,,,,,,
5,List of maternity complications,,,,,,,,,,,
,1 Uterine rupture,,,,,,,,,,,
,2 Post partum haemorrage,,,,,,,,,,,
,3 Amniotic fluid embolism,,,,,,,,,,,
,4 Placenta previa,,,,,,,,,,,
,5 Placental Abruption,,,,,,,,,,,
,6 Disseminated Intravascular Coagulation(DIC),,,,,,,,,,,
,7 Still Birth,,,,,,,,,,,
,8 Uterine Inversion,,,,,,,,,,,
,,,,,,,,,,,,
,,,,,,,,,,,,
6,List of CI,Critical Illness,9 Cls,11 Cls,15 Cls,25 Cls,35 Cls,36 Cls,,,,
,1,Cancer Of Specific Severity,a,a,a,a,a,a,,,,
,2,Myocardial Infarction (First Heart Attack - Of Specific Severity),a,a,a,a,a,a,,,,
,3,Open Chest Cabg,a,a,a,a,a,a,,,,
,4,Open Heart Replacement Or Repair Of Heart Valves,a,a,a,a,a,a,,,,
,5,Kidney Failure Requiring Regular Dialysis,a,a,a,a,a,a,,,,
,6,Stroke Resulting In Permanent Symptoms,a,a,a,a,a,a,,,,
,7,Major Organ / Bone Marrow Transplant,a,a,a,a,a,a,,,,
,8,Permanent Paralysis Of Limbs,a,a,a,a,a,a,,,,
,9,Multiple Sclerosis With Persisting Symptoms,a,a,a,a,a,a,,,,
,10,Coma Of Specified Severity,r,a,a,a,a,a,,,,
,11,Motor Neurone Disease With Permanent Symptoms,r,a,a,a,a,a,,,,
,12,Loss Of Vision (Blindness),r,r,a,a,a,a,,,,
,13,Major Burns (Third Degree Burns),r,r,a,a,a,a,,,,
,14,Parkinson'S Disease,r,r,a,a,a,a,,,,
,15,Benign Brain Tumor,r,r,a,a,a,a,,,,
,16,Alzheimer'S Disease,r,r,r,a,a,a,,,,
,17,Aorta Graft Surgery,r,r,r,a,a,a,,,,
,18,Loss Of Hearing (Deafness),r,r,r,a,a,a,,,,
,19,Loss Of Limbs,r,r,r,a,a,a,,,,
,20,Loss Of Speech,r,r,r,a,a,a,,,,
,21,Aplastic Anaemia,r,r,r,a,a,a,,,,
,22,End Stage Liver Failure,r,r,r,a,a,a,,,,
,23,End Stage Lung Failure,r,r,r,a,a,a,,,,
,24,Primary (Idiopathic) Pulmonary Hypertension,r,r,r,a,a,a,,,,
,25,Bacterial Meningitis,r,r,r,a,a,a,,,,
,26,Apallic Syndrome Or Persistent Vegetative State (Pvs),r,r,r,r,a,a,,,,
,27,Encephalitis,r,r,r,r,a,a,,,,
,28,Fulminant Hepatitis,r,r,r,r,a,a,,,,
,29,Chronic Relapsing Pancreatitis,r,r,r,r,a,a,,,,
,30,Major Head Trauma,r,r,r,r,a,a,,,,
,31,Medullary Cystic Disease,r,r,r,r,a,a,,,,
,32,Muscular Dystrophy,r,r,r,r,a,a,,,,
,33,Poliomyelitis,r,r,r,r,a,a,,,,
,34,Systemic Lupus Erythematous,r,r,r,r,a,a,,,,
,35,Brain Surgery,r,r,r,r,a,a,,,,
,36,Coronary Angioplasty (Ptca)[1],r,r,r,r,r,a,,,,
,,,,,,,,,,,,
7,Sublimits,,,,,,,,,,,
,S. No.,List of Ailments and Procedures,Category,Sub Limit options,,,,,,,,
,1,Cataract surgery,Procedure,"<<10000 to 1,00,000>>",,,,,,,,
,2,Appendectomy,Procedure,"<<20000 to 1,00,000>>",,,,,,,,
,3,Tonsillectomy,Procedure,"<<10000 to 1,00,000>>",,,,,,,,
,4,Mastoidectomy,Procedure,"<<15000 to 1,00,000>>",,,,,,,,
,5,Kidney Stone Removal,Procedure,"<<15000 to 1,00,000>>",,,,,,,,
,6,Kidney Stone (incl DJ stent removal for same stone),Procedure,"<<20000 to 1,00,000>>",,,,,,,,
,7,Lithotripsy,Procedure,"<<10000 to 1,00,000>>",,,,,,,,
,8,Hysterectomy,Procedure,"<<30000 to 1,00,000>>",,,,,,,,
,9,Hernia surgery- Open/Laparoscopic,Procedure,"<<20000 to 1,00,000>>",,,,,,,,
,10,Hernia repair - Open (Inclusive of Mesh),Procedure,"<<30000 to 1,00,000>>",,,,,,,,
,11,Hernia repair - Laparoscopic (Inclusive of Mesh),Procedure,"<<30000 to 1,00,000>>",,,,,,,,
,12,Haemorrhoidectomy (Piles),Procedure,"<<20000 to 1,00,000>>",,,,,,,,
,13,Laparatomy,Procedure,"<<30000 to 1,00,000>>",,,,,,,,
,14,Gall Bladder surgery,Procedure,"<<30000 to 1,00,000>>",,,,,,,,
,15,Intestinal perforation (Surgery for),Procedure,<<40000 to 160000>>,,,,,,,,
,16,Renal Lithotomy,Procedure,<<40000 to 120000>>,,,,,,,,
,17,Hydrocele (Surgery for),Procedure,"<<20000 to 1,00,000>>",,,,,,,,
,18,Renal calculi (Procedure),Procedure,"<<15000 to 1,00,000>>",,,,,,,,
,19,Ureteric calculi (Procedure),Procedure,"<<15000 to 1,00,000>>",,,,,,,,
,20,Joint Replacement (Unilateral) (Surgery for),Procedure,<<100000 to 300000>>,,,,,,,,
,21,Joint Replacement (Bilateral) (Surgery for),Procedure,<<150000 to 450000>>,,,,,,,,
,22,Hip Replacement (Unilateral)(Surgery for),Procedure,<<100000 to 300000>>,,,,,,,,
,23,Hip Replacement (Bilateral)(Surgery for),Procedure,<<150000 to 450000>>,,,,,,,,
,24,Knee replacement (per knee)(Surgery for),Procedure,<<70000 to 300000>>,,,,,,,,
,25,Angioplasty /PTCA,Procedure,<<100000 to 300000>>,,,,,,,,
,26,Coronary Artery Diseases,Ailment,<<100000 to 300000>>,,,,,,,,
,27,Chemotheraphy/Treatment of Cancer (Per Session),Ailment,"<<10000 to 1,00,000>>",,,,,,,,
,28,Sinusitis (FESS),Procedure,"<<10000 to 1,00,000>>",,,,,,,,
,29,Benign Prostatic Hypertrophy (TURP)(Surgery for),Procedure,<<30000 to 120000>>,,,,,,,,
,30,Fistulectomy,Procedure,"<<20000 to 1,00,000>>",,,,,,,,
,31,Cholecystectomy,Procedure,"<<30000 to 1,00,000>>",,,,,,,,
,32,Lap Cholecystectomy,Procedure,"<<30000 to 1,00,000>>",,,,,,,,
,33,Septoplasty,Procedure,"<<10000 to 1,00,000>>",,,,,,,,
,34,Tympanoplasty,Procedure,"<<10000 to 1,00.000>>",,,,,,,,
,35,Inpatient Dental Procedure,Procedure,"<<2000 to 1,00,000>>",,,,,,,,
,36,CABG,Procedure,"<<100000 to 4,00,000>>",,,,,,,,
,37,Glaucoma,Ailment,"<<15000 to 1,00,000>>",,,,,,,,
,38,Valve Replacement,Procedure,"<<125000 to 4,000,00>>",,,,,,,,
,39,ACL Tear/ Medial Menisicus Tear,Ailment,"<<40000 to 1,60,000>>",,,,,,,,
,40,Arthroscopic Surgery,Procedure,"<<25000 to 1,00,000>>",,,,,,,,
,41,Endoscopic Procedure(Diagnostic & Therapeutic),Procedure,"<<5000 to 1,00,000>>",,,,,,,,
,,,,,,,,,,,,
,,,,,,,,,,,,
,,,,,,,,,,,,
8,Heart Cover,,,,,,,,,,,
,Sr No,Listed illnesses,,,,,,,,,,
,1,First Heart Attack of specified severity,,,,,,,,,,
,2,Open Chest CABG,,,,,,,,,,
,3,Open Heart Replacement Or Repair Of Heart Valves,,,,,,,,,,
,4,Stroke Resulting In Permanent Symptoms,,,,,,,,,,
,5,Implantable Cardioverter Defibrillator,,,,,,,,,,
,6,Insertion of Pacemaker,,,,,,,,,,
,8,Minimally Invasive surgery of Aorta,,,,,,,,,,
,9,Major Surgery of Aorta,,,,,,,,,,
,7,Angioplasty,,,,,,,,,,
,10,Balloon Valvotomy or Valvuloplasty,,,,,,,,,,
,11,Heart Transplant,,,,,,,,,,
,12,Primary (Idiopathic) Pulmonary Hypertension,,,,,,,,,,
,,,,,,,,,,,,
,,,,,,,,,,,,
9,Heart Indemnity,,,,,,,,,,,
,Sr No,Listed Illnesses,,,,,,,,,,
,1,"Coronary Artery By-Pass
Surgery ",,,,,,,,,,
,2,Heart Valve Replacement,,,,,,,,,,
,3,Heart Transplant,,,,,,,,,,
,4,"Pulmonary Artery Graft
Surgery",,,,,,,,,,
,5,Aorta Graft Surgery,,,,,,,,,,
,6,"Coronary Artery By-Pass
Surgery Post Occurrence
Of Myocardial Infraction",,,,,,,,,,
,7,"Surgical Treatment For
Stroke",,,,,,,,,,
,8,Angioplasty,,,,,,,,,,
,9,"Implantable Cardioverter
Defibrillator",,,,,,,,,,
,10,Insertion Of Pacemaker,,,,,,,,,,
,11,"Minimally Invasive Surgery
Of Aorta ",,,,,,,,,,
,12,"Balloon Valvotomy Or
Valvuloplasty",,,,,,,,,,
,13,"Surgery Of Cardiac
Arrhythmia – Rf Ablation /
Maze Procedure ",,,,,,,,,,
,14,"Surgery To Place
Ventricular Assist Devices
Or Total Artificial Hearts ",,,,,,,,,,
,15,Carotid Artery Surgery,,,,,,,,,,
,16,Pericardiectomy,,,,,,,,,,
,17,Coronary Angiography,,,,,,,,,,
,,,,,,,,,,,,
,,,,,,,,,,,,
10,Coverage for Specific diseases,,,,,,,,,,,
,Sr No,Listed Illnesses,,,,,,,,,,
,1,Typhoid,,,,,,,,,,
,2,Malaria,,,,,,,,,,
,3,Dengue Fever,,,,,,,,,,
,4,Tuberculosis,,,,,,,,,,
,5,Impacted Wisom Tooth,,,,,,,,,,
,6,Maternity Complication - Gestational Diabetes,,,,,,,,,,
,7,Kidney Stone,,,,,,,,,,
,8,Tetanus,,,,,,,,,,
,9,"Meningitis, Meningococcal Viral",,,,,,,,,,
,,,,,,,,,,,,
Sl no,ADULT VACCINATIONS,,,,,,,,,,,
1,Influenza        ,,,,,,,,,,,
2,Pneumonia,,,,,,,,,,,
3,Cervical Cancer ,,,,,,,,,,,
4,Hepatitis B,,,,,,,,,,,
5,Typhoid,,,,,,,,,,,
6,BCG,,,,,,,,,,,
7,OPV + IPV 1 ,,,,,,,,,,,
8,DPT,,,,,,,,,,,
9,Haemophilus influenzae type B,,,,,,,,,,,
10,Tetanus,,,,,,,,,,,
11,Rota,,,,,,,,,,,
12,MMR,,,,,,,,,,,
13,Hepatitis A,,,,,,,,,,,
,,,,,,,,,,,,
List of Monitoring / Medical Devices,,,,,,,,,,,,
1,Cardio‑Respiratory Monitoring Devices,,,,,,,,,,,
,Blood Pressure Monitor / Sphygmomanometer (Manual or Digital),,,,,,,,,,,
,Pulse Oximeter,,,,,,,,,,,
,ECG Monitoring Device (Holter / Ambulatory ECG),,,,,,,,,,,
,Cardiac Event Monitor,,,,,,,,,,,
,Portable Oxygen Concentrator,,,,,,,,,,,
,Oxygen Cylinder with regulator,,,,,,,,,,,
,CPAP / BiPAP Machine,,,,,,,,,,,
,Nebulizer (with accessories),,,,,,,,,,,
,Peak Flow Meter,,,,,,,,,,,
,"Spirometer (home‑use, where prescribed)",,,,,,,,,,,
2, Diabetes & Metabolic Monitoring Devices,,,,,,,,,,,
,Glucometer,,,,,,,,,,,
,Continuous Glucose Monitoring (CGM) System,,,,,,,,,,,
,Insulin Pump,,,,,,,,,,,
,Insulin Pen with cartridges,,,,,,,,,,,
,Ketone Testing Meter,,,,,,,,,,,
,HbA1c Home Monitoring Device (if prescribed),,,,,,,,,,,
,Lancets and Test Strips (where coverage includes consumables),,,,,,,,,,,
3,Neurological & Sleep‑Related Devices,,,,,,,,,,,
,EEG Monitoring Device (Portable / Ambulatory),,,,,,,,,,,
,Sleep Apnea Monitoring Device,,,,,,,,,,,
,Actigraphy Device (Sleep/Movement Monitoring),,,,,,,,,,,
4,Orthopaedic & Mobility‑Assistance Devices,,,,,,,,,,,
,Wheelchair (Manual / Motorized),,,,,,,,,,,
,Walker / Rollator,,,,,,,,,,,
,Walking Cane / Crutches,,,,,,,,,,,
,"Orthopaedic Braces (Knee, Back, Cervical, Wrist, Ankle, Shoulder)",,,,,,,,,,,
,Fracture Support / Splints,,,,,,,,,,,
,Prosthetic Limbs,,,,,,,,,,,
,Orthotic Insoles / Foot Supports,,,,,,,,,,,
5,Renal & Urological Monitoring Devices,,,,,,,,,,,
,"Home Dialysis Equipment (Peritoneal dialysis kits, where applicable)",,,,,,,,,,,
,Urinary Catheter (including Foley’s catheter),,,,,,,,,,,
,Urine Output Monitoring Bags,,,,,,,,,,,
,"Bladder Scanner (portable, where prescribed)",,,,,,,,,,,
6,Gastrointestinal & Nutrition‑Related Devices,,,,,,,,,,,
,Feeding Pump,,,,,,,,,,,
,"Enteral Feeding Tubes (NG Tube, PEG Tube)",,,,,,,,,,,
,Gastrostomy / Jejunostomy accessories,,,,,,,,,,,
7,Pediatric & Neonatal Monitoring Devices,,,,,,,,,,,
,Infant Apnea Monitor,,,,,,,,,,,
,Pediatric Pulse Oximeter,,,,,,,,,,,
,Growth and Vital Monitoring Devices (as prescribed),,,,,,,,,,,
8,Other Essential Medical Monitoring Devices,,,,,,,,,,,
,Body Temperature Monitoring Device (Digital Thermometer),,,,,,,,,,,
,Infusion Pump,,,,,,,,,,,
,Syringe Pump,,,,,,,,,,,
,Patient Monitoring System (Multi‑parameter monitors for home care),,,,,,,,,,,
,"Pressure Ulcer Prevention Devices (Air mattress, ripple mattress)",,,,,,,,,,,
